序号,竞赛名称,赛事类别,报名开始,报名截止,省赛/初赛时间,决赛时间,决赛地点,官网
1,全国大学生机械创新设计大赛（第12届）,学科类,2025年3月,2026年3月,2026年3-5月,2026年7月中下旬,哈尔滨工业大学,umic.moocollege.com
2,中国大学生机械工程创新创意大赛-智能制造赛,学科类,2026年3月,2026年5月底,2026年6-8月,2026年8-11月,全国,cmes-imic.org.cn
3,全国大学生先进成图技术与产品信息建模创新大赛,学科类,2026年3月,2026年4月,2026年5月,2026年7-8月,全国,chengtudasai.com
4,全国大学生金相技能大赛（第15届）,学科类,2026年3月,2026年3月31日,2026年6月24日前,2026年7月25-28日,武汉理工大学,jxds.tech
5,全国三维数字化创新设计大赛（18周年精英联赛）,创新类,2025年9月,2026年3月15日,2026年5-6月,2026年7月,全国,ds.3ddl.net
6,中国大学生工程实践与创新能力大赛,综合类,2026年下半年,2027年初,2027年上半年,2027年中,全国,gcxl.edu.cn
7,"外研社·国才杯"全国大学生外语能力大赛,综合类,2026年2月,2026年4月,2026年5-6月,2026年11-12月,全国,ucc.fltrp.com
8,全国大学生节能减排社会实践与科技竞赛（第19届）,创新类,2026年3月,2026年5月,2026年6月,2026年7-8月,全国,jienengjianpai.cn
9,全国大学生智能汽车竞赛（第21届）,创新类,2026年3月,2026年6月,2026年7月,2026年8月,全国,smartcarrace.com
10,全国大学生数学建模竞赛,综合类,2026年5月,2026年8月底,2026年9月（72小时）,2026年11-12月评奖,各校校内,mcm.edu.cn
